Id,SI
16001,112.1
16002,110.1
16003,456.2
16004,432.1
16005,112.1
16006,110.1
16007,456.2
16008,432.1
16009,112.1
16010,110.1
16011,456.2
16012,432.1
16013,112.1
16014,110.1
16015,456.2
16016,432.1
16017,112.1
16018,110.1
16019,456.2
16020,432.1
16021,112.1
16022,110.1
16023,456.2
16024,432.1
16025,112.1
16026,110.1
16027,456.2
16028,432.1
16029,112.1
16030,110.1
16031,456.2
16032,432.1
16033,112.1
16034,110.1
16035,456.2
16036,432.1
16037,112.1
16038,110.1
16039,456.2
16040,432.1
16041,112.1
16042,110.1
16043,456.2
16044,432.1
16045,112.1
16046,110.1
16047,456.2
16048,432.1
16049,112.1
16050,110.1
16051,456.2
16052,432.1
16053,112.1
16054,110.1
16055,456.2
16056,432.1
16057,112.1
16058,110.1
16059,456.2
16060,432.1
16061,112.1
16062,110.1
16063,456.2
16064,432.1
16065,112.1
16066,110.1
16067,456.2
16068,432.1
16069,112.1
16070,110.1
16071,456.2
16072,432.1
16073,112.1
16074,110.1
16075,456.2
16076,432.1
16077,112.1
16078,110.1
16079,456.2
16080,432.1
16081,112.1
16082,110.1
16083,456.2
16084,432.1
16085,112.1
16086,110.1
16087,456.2
16088,432.1
16089,112.1
16090,110.1
16091,456.2
16092,432.1
16093,112.1
16094,110.1
16095,456.2
16096,432.1
16097,112.1
16098,110.1
16099,456.2
16100,432.1
16101,112.1
16102,110.1
16103,456.2
16104,432.1
16105,112.1
16106,110.1
16107,456.2
16108,432.1
16109,112.1
16110,110.1
16111,456.2
16112,432.1
16113,112.1
16114,110.1
16115,456.2
16116,432.1
16117,112.1
16118,110.1
16119,456.2
16120,432.1
16121,112.1
16122,110.1
16123,456.2
16124,432.1
16125,112.1
16126,110.1
16127,456.2
16128,432.1
16129,112.1
16130,110.1
16131,456.2
16132,432.1
16133,112.1
16134,110.1
16135,456.2
16136,432.1
16137,112.1
16138,110.1
16139,456.2
16140,432.1
16141,112.1
16142,110.1
16143,456.2
16144,432.1
16145,112.1
16146,110.1
16147,456.2
16148,432.1
16149,112.1
16150,110.1
16151,456.2
16152,432.1
16153,112.1
16154,110.1
16155,456.2
16156,432.1
16157,112.1
16158,110.1
16159,456.2
16160,432.1
16161,112.1
16162,110.1
16163,456.2
16164,432.1
16165,112.1
16166,110.1
16167,456.2
16168,432.1
16169,112.1
16170,110.1
16171,456.2
16172,432.1
16173,112.1
16174,110.1
16175,456.2
16176,432.1
16177,112.1
16178,110.1
16179,456.2
16180,432.1
16181,112.1
16182,110.1
16183,456.2
16184,432.1
16185,112.1
16186,110.1
16187,456.2
16188,432.1
16189,112.1
16190,110.1
16191,456.2
16192,432.1
16193,112.1
16194,110.1
16195,456.2
16196,432.1
16197,112.1
16198,110.1
16199,456.2
16200,432.1
16201,112.1
16202,110.1
16203,456.2
16204,432.1
16205,112.1
16206,110.1
16207,456.2
16208,432.1
16209,112.1
16210,110.1
16211,456.2
16212,432.1
16213,112.1
16214,110.1
16215,456.2
16216,432.1
16217,112.1
16218,110.1
16219,456.2
16220,432.1
16221,112.1
16222,110.1
16223,456.2
16224,432.1
16225,112.1
16226,110.1
16227,456.2
16228,432.1
16229,112.1
16230,110.1
16231,456.2
16232,432.1
16233,112.1
16234,110.1
16235,456.2
16236,432.1
16237,112.1
16238,110.1
16239,456.2
16240,432.1
16241,112.1
16242,110.1
16243,456.2
16244,432.1
16245,112.1
16246,110.1
16247,456.2
16248,432.1
16249,112.1
16250,110.1
16251,456.2
16252,432.1
16253,112.1
16254,110.1
16255,456.2
16256,432.1
16257,112.1
16258,110.1
16259,456.2
16260,432.1
16261,112.1
16262,110.1
16263,456.2
16264,432.1
16265,112.1
16266,110.1
16267,456.2
16268,432.1
16269,112.1
16270,110.1
16271,456.2
16272,432.1
16273,112.1
16274,110.1
16275,456.2
16276,432.1
16277,112.1
16278,110.1
16279,456.2
16280,432.1
16281,112.1
16282,110.1
16283,456.2
16284,432.1
16285,112.1
16286,110.1
16287,456.2
16288,432.1
16289,112.1
16290,110.1
16291,456.2
16292,432.1
16293,112.1
16294,110.1
16295,456.2
16296,432.1
16297,112.1
16298,110.1
16299,456.2
16300,432.1
16301,112.1
16302,110.1
16303,456.2
16304,432.1
16305,112.1
16306,110.1
16307,456.2
16308,432.1
16309,112.1
16310,110.1
16311,456.2
16312,432.1
16313,112.1
16314,110.1
16315,456.2
16316,432.1
16317,112.1
16318,110.1
16319,456.2
16320,432.1
16321,112.1
16322,110.1
16323,456.2
16324,432.1
16325,112.1
16326,110.1
16327,456.2
16328,432.1
16329,112.1
16330,110.1
16331,456.2
16332,432.1
16333,112.1
16334,110.1
16335,456.2
16336,432.1
16337,112.1
16338,110.1
16339,456.2
16340,432.1
16341,112.1
16342,110.1
16343,456.2
16344,432.1
16345,112.1
16346,110.1
16347,456.2
16348,432.1
16349,112.1
16350,110.1
16351,456.2
16352,432.1
16353,112.1
16354,110.1
16355,456.2
16356,432.1
16357,112.1
16358,110.1
16359,456.2
16360,432.1
16361,112.1
16362,110.1
16363,456.2
16364,432.1
16365,112.1
16366,110.1
16367,456.2
16368,432.1
16369,112.1
16370,110.1
16371,456.2
16372,432.1
16373,112.1
16374,110.1
16375,456.2
16376,432.1
16377,112.1
16378,110.1
16379,456.2
16380,432.1
16381,112.1
16382,110.1
16383,456.2
16384,432.1
16385,112.1
16386,110.1
16387,456.2
16388,432.1
16389,112.1
16390,110.1
16391,456.2
16392,432.1
16393,112.1
16394,110.1
16395,456.2
16396,432.1
16397,112.1
16398,110.1
16399,456.2
16400,432.1
16401,112.1
16402,110.1
16403,456.2
16404,432.1
16405,112.1
16406,110.1
16407,456.2
16408,432.1
16409,112.1
16410,110.1
16411,456.2
16412,432.1
16413,112.1
16414,110.1
16415,456.2
16416,432.1
16417,112.1
16418,110.1
16419,456.2
16420,432.1
16421,112.1
16422,110.1
16423,456.2
16424,432.1
16425,112.1
16426,110.1
16427,456.2
16428,432.1
16429,112.1
16430,110.1
16431,456.2
16432,432.1
16433,112.1
16434,110.1
16435,456.2
16436,432.1
16437,112.1
16438,110.1
16439,456.2
16440,432.1
16441,112.1
16442,110.1
16443,456.2
16444,432.1
16445,112.1
16446,110.1
16447,456.2
16448,432.1
16449,112.1
16450,110.1
16451,456.2
16452,432.1
16453,112.1
16454,110.1
16455,456.2
16456,432.1
16457,112.1
16458,110.1
16459,456.2
16460,432.1
16461,112.1
16462,110.1
16463,456.2
16464,432.1
16465,112.1
16466,110.1
16467,456.2
16468,432.1
16469,112.1
16470,110.1
16471,456.2
16472,432.1
16473,112.1
16474,110.1
16475,456.2
16476,432.1
16477,112.1
16478,110.1
16479,456.2
16480,432.1
16481,112.1
16482,110.1
16483,456.2
16484,432.1
16485,112.1
16486,110.1
16487,456.2
16488,432.1
16489,112.1
16490,110.1
16491,456.2
16492,432.1
16493,112.1
16494,110.1
16495,456.2
16496,432.1
16497,112.1
16498,110.1
16499,456.2
16500,432.1
16501,112.1
16502,110.1
16503,456.2
16504,432.1
16505,112.1
16506,110.1
16507,456.2
16508,432.1
16509,112.1
16510,110.1
16511,456.2
16512,432.1
16513,112.1
16514,110.1
16515,456.2
16516,432.1
16517,112.1
16518,110.1
16519,456.2
16520,432.1
16521,112.1
16522,110.1
16523,456.2
16524,432.1
16525,112.1
16526,110.1
16527,456.2
16528,432.1
16529,112.1
16530,110.1
16531,456.2
16532,432.1
16533,112.1
16534,110.1
16535,456.2
16536,432.1
16537,112.1
16538,110.1
16539,456.2
16540,432.1
16541,112.1
16542,110.1
16543,456.2
16544,432.1
16545,112.1
16546,110.1
16547,456.2
16548,432.1
16549,112.1
16550,110.1
16551,456.2
16552,432.1
16553,112.1
16554,110.1
16555,456.2
16556,432.1
16557,112.1
16558,110.1
16559,456.2
16560,432.1
16561,112.1
16562,110.1
16563,456.2
16564,432.1
16565,112.1
16566,110.1
16567,456.2
16568,432.1
16569,112.1
16570,110.1
16571,456.2
16572,432.1
16573,112.1
16574,110.1
16575,456.2
16576,432.1
16577,112.1
16578,110.1
16579,456.2
16580,432.1
16581,112.1
16582,110.1
16583,456.2
16584,432.1
16585,112.1
16586,110.1
16587,456.2
16588,432.1
16589,112.1
16590,110.1
16591,456.2
16592,432.1
16593,112.1
16594,110.1
16595,456.2
16596,432.1
16597,112.1
16598,110.1
16599,456.2
16600,432.1
16601,112.1
16602,110.1
16603,456.2
16604,432.1
16605,112.1
16606,110.1
16607,456.2
16608,432.1
16609,112.1
16610,110.1
16611,456.2
16612,432.1
16613,112.1
16614,110.1
16615,456.2
16616,432.1
16617,112.1
16618,110.1
16619,456.2
16620,432.1
16621,112.1
16622,110.1
16623,456.2
16624,432.1
16625,112.1
16626,110.1
16627,456.2
16628,432.1
16629,112.1
16630,110.1
16631,456.2
16632,432.1
16633,112.1
16634,110.1
16635,456.2
16636,432.1
16637,112.1
16638,110.1
16639,456.2
16640,432.1
16641,112.1
16642,110.1
16643,456.2
16644,432.1
16645,112.1
16646,110.1
16647,456.2
16648,432.1
16649,112.1
16650,110.1
16651,456.2
16652,432.1
16653,112.1
16654,110.1
16655,456.2
16656,432.1
16657,112.1
16658,110.1
16659,456.2
16660,432.1
16661,112.1
16662,110.1
16663,456.2
16664,432.1
16665,112.1
16666,110.1
16667,456.2
16668,432.1
16669,112.1
16670,110.1
16671,456.2
16672,432.1
16673,112.1
16674,110.1
16675,456.2
16676,432.1
16677,112.1
16678,110.1
16679,456.2
16680,432.1
16681,112.1
16682,110.1
16683,456.2
16684,432.1
16685,112.1
16686,110.1
16687,456.2
16688,432.1
16689,112.1
16690,110.1
16691,456.2
16692,432.1
16693,112.1
16694,110.1
16695,456.2
16696,432.1
16697,112.1
16698,110.1
16699,456.2
16700,432.1
16701,112.1
16702,110.1
16703,456.2
16704,432.1
16705,112.1
16706,110.1
16707,456.2
16708,432.1
16709,112.1
16710,110.1
16711,456.2
16712,432.1
16713,112.1
16714,110.1
16715,456.2
16716,432.1
16717,112.1
16718,110.1
16719,456.2
16720,432.1
16721,112.1
16722,110.1
16723,456.2
16724,432.1
16725,112.1
16726,110.1
16727,456.2
16728,432.1
16729,112.1
16730,110.1
16731,456.2
16732,432.1
16733,112.1
16734,110.1
16735,456.2
16736,432.1
16737,112.1
16738,110.1
16739,456.2
16740,432.1
16741,112.1
16742,110.1
16743,456.2
16744,432.1
16745,112.1
16746,110.1
16747,456.2
16748,432.1
16749,112.1
16750,110.1
16751,456.2
16752,432.1
16753,112.1
16754,110.1
16755,456.2
16756,432.1
16757,112.1
16758,110.1
16759,456.2
16760,432.1
16761,112.1
16762,110.1
16763,456.2
16764,432.1
16765,112.1
16766,110.1
16767,456.2
16768,432.1
16769,112.1
16770,110.1
16771,456.2
16772,432.1
16773,112.1
16774,110.1
16775,456.2
16776,432.1
16777,112.1
16778,110.1
16779,456.2
16780,432.1
16781,112.1
16782,110.1
16783,456.2
16784,432.1
16785,112.1
16786,110.1
16787,456.2
16788,432.1
16789,112.1
16790,110.1
16791,456.2
16792,432.1
16793,112.1
16794,110.1
16795,456.2
16796,432.1
16797,112.1
16798,110.1
16799,456.2
16800,432.1
16801,112.1
16802,110.1
16803,456.2
16804,432.1
16805,112.1
16806,110.1
16807,456.2
16808,432.1
16809,112.1
16810,110.1
16811,456.2
16812,432.1
16813,112.1
16814,110.1
16815,456.2
16816,432.1
16817,112.1
16818,110.1
16819,456.2
16820,432.1
16821,112.1
16822,110.1
16823,456.2
16824,432.1
16825,112.1
16826,110.1
16827,456.2
16828,432.1
16829,112.1
16830,110.1
16831,456.2
16832,432.1
16833,112.1
16834,110.1
16835,456.2
16836,432.1
16837,112.1
16838,110.1
16839,456.2
16840,432.1
16841,112.1
16842,110.1
16843,456.2
16844,432.1
16845,112.1
16846,110.1
16847,456.2
16848,432.1
16849,112.1
16850,110.1
16851,456.2
16852,432.1
16853,112.1
16854,110.1
16855,456.2
16856,432.1
16857,112.1
16858,110.1
16859,456.2
16860,432.1
16861,112.1
16862,110.1
16863,456.2
16864,432.1
16865,112.1
16866,110.1
16867,456.2
16868,432.1
16869,112.1
16870,110.1
16871,456.2
16872,432.1
16873,112.1
16874,110.1
16875,456.2
16876,432.1
16877,112.1
16878,110.1
16879,456.2
16880,432.1
16881,112.1
16882,110.1
16883,456.2
16884,432.1
16885,112.1
16886,110.1
16887,456.2
16888,432.1
16889,112.1
16890,110.1
16891,456.2
16892,432.1
16893,112.1
16894,110.1
16895,456.2
16896,432.1
16897,112.1
16898,110.1
16899,456.2
16900,432.1
16901,112.1
16902,110.1
16903,456.2
16904,432.1
16905,112.1
16906,110.1
16907,456.2
16908,432.1
16909,112.1
16910,110.1
16911,456.2
16912,432.1
16913,112.1
16914,110.1
16915,456.2
16916,432.1
16917,112.1
16918,110.1
16919,456.2
16920,432.1
16921,112.1
16922,110.1
16923,456.2
16924,432.1
16925,112.1
16926,110.1
16927,456.2
16928,432.1
16929,112.1
16930,110.1
16931,456.2
16932,432.1
16933,112.1
16934,110.1
16935,456.2
16936,432.1
16937,112.1
16938,110.1
16939,456.2
16940,432.1
16941,112.1
16942,110.1
16943,456.2
16944,432.1
16945,112.1
16946,110.1
16947,456.2
16948,432.1
16949,112.1
16950,110.1
16951,456.2
16952,432.1
16953,112.1
16954,110.1
16955,456.2
16956,432.1
16957,112.1
16958,110.1
16959,456.2
16960,432.1
16961,112.1
16962,110.1
16963,456.2
16964,432.1
16965,112.1
16966,110.1
16967,456.2
16968,432.1
16969,112.1
16970,110.1
16971,456.2
16972,432.1
16973,112.1
16974,110.1
16975,456.2
16976,432.1
16977,112.1
16978,110.1
16979,456.2
16980,432.1
16981,112.1
16982,110.1
16983,456.2
16984,432.1
16985,112.1
16986,110.1
16987,456.2
16988,432.1
16989,112.1
16990,110.1
16991,456.2
16992,432.1
16993,112.1
16994,110.1
16995,456.2
16996,432.1
16997,112.1
16998,110.1
16999,456.2
17000,432.1
17001,112.1
17002,110.1
17003,456.2
17004,432.1
17005,112.1
17006,110.1
17007,456.2
17008,432.1
17009,112.1
17010,110.1
17011,456.2
17012,432.1
17013,112.1
17014,110.1
17015,456.2
17016,432.1
17017,112.1
17018,110.1
17019,456.2
17020,432.1
17021,112.1
17022,110.1
17023,456.2
17024,432.1
17025,112.1
17026,110.1
17027,456.2
17028,432.1
17029,112.1
17030,110.1
17031,456.2
17032,432.1
17033,112.1
17034,110.1
17035,456.2
17036,432.1
17037,112.1
17038,110.1
17039,456.2
17040,432.1
17041,112.1
17042,110.1
17043,456.2
17044,432.1
17045,112.1
17046,110.1
17047,456.2
17048,432.1
17049,112.1
17050,110.1
17051,456.2
17052,432.1
17053,112.1
17054,110.1
17055,456.2
17056,432.1
17057,112.1
17058,110.1
17059,456.2
17060,432.1
17061,112.1
17062,110.1
17063,456.2
17064,432.1
17065,112.1
17066,110.1
17067,456.2
17068,432.1
17069,112.1
17070,110.1
17071,456.2
17072,432.1
17073,112.1
17074,110.1
17075,456.2
17076,432.1
17077,112.1
17078,110.1
17079,456.2
17080,432.1
17081,112.1
17082,110.1
17083,456.2
17084,432.1
17085,112.1
17086,110.1
17087,456.2
17088,432.1
17089,112.1
17090,110.1
17091,456.2
17092,432.1
17093,112.1
17094,110.1
17095,456.2
17096,432.1
17097,112.1
17098,110.1
17099,456.2
17100,432.1
17101,112.1
17102,110.1
17103,456.2
17104,432.1
17105,112.1
17106,110.1
17107,456.2
17108,432.1
17109,112.1
17110,110.1
17111,456.2
17112,432.1
17113,112.1
17114,110.1
17115,456.2
17116,432.1
17117,112.1
17118,110.1
17119,456.2
17120,432.1
17121,112.1
17122,110.1
17123,456.2
17124,432.1
17125,112.1
17126,110.1
17127,456.2
17128,432.1
17129,112.1
17130,110.1
17131,456.2
17132,432.1
17133,112.1
17134,110.1
17135,456.2
17136,432.1
17137,112.1
17138,110.1
17139,456.2
17140,432.1
17141,112.1
17142,110.1
17143,456.2
17144,432.1
17145,112.1
17146,110.1
17147,456.2
17148,432.1
17149,112.1
17150,110.1
17151,456.2
17152,432.1
17153,112.1
17154,110.1
17155,456.2
17156,432.1
17157,112.1
17158,110.1
17159,456.2
17160,432.1
17161,112.1
17162,110.1
17163,456.2
17164,432.1
17165,112.1
17166,110.1
17167,456.2
17168,432.1
17169,112.1
17170,110.1
17171,456.2
17172,432.1
17173,112.1
17174,110.1
17175,456.2
17176,432.1
17177,112.1
17178,110.1
17179,456.2
17180,432.1
17181,112.1
17182,110.1
17183,456.2
17184,432.1
17185,112.1
17186,110.1
17187,456.2
17188,432.1
17189,112.1
17190,110.1
17191,456.2
17192,432.1
17193,112.1
17194,110.1
17195,456.2
17196,432.1
17197,112.1
17198,110.1
17199,456.2
17200,432.1
17201,112.1
17202,110.1
17203,456.2
17204,432.1
17205,112.1
17206,110.1
17207,456.2
17208,432.1
17209,112.1
17210,110.1
17211,456.2
17212,432.1
17213,112.1
17214,110.1
17215,456.2
17216,432.1
17217,112.1
17218,110.1
17219,456.2
17220,432.1
17221,112.1
17222,110.1
17223,456.2
17224,432.1
17225,112.1
17226,110.1
17227,456.2
17228,432.1
17229,112.1
17230,110.1
17231,456.2
17232,432.1
17233,112.1
17234,110.1
17235,456.2
17236,432.1
17237,112.1
17238,110.1
17239,456.2
17240,432.1
17241,112.1
17242,110.1
17243,456.2
17244,432.1
17245,112.1
17246,110.1
17247,456.2
17248,432.1
17249,112.1
17250,110.1
17251,456.2
17252,432.1
17253,112.1
17254,110.1
17255,456.2
17256,432.1
17257,112.1
17258,110.1
17259,456.2
17260,432.1
17261,112.1
17262,110.1
17263,456.2
17264,432.1
17265,112.1
17266,110.1
17267,456.2
17268,432.1
17269,112.1
17270,110.1
17271,456.2
17272,432.1
17273,112.1
17274,110.1
17275,456.2
17276,432.1
17277,112.1
17278,110.1
17279,456.2
17280,432.1
17281,112.1
17282,110.1
17283,456.2
17284,432.1
17285,112.1
17286,110.1
17287,456.2
17288,432.1
17289,112.1
17290,110.1
17291,456.2
17292,432.1
17293,112.1
17294,110.1
17295,456.2
17296,432.1
17297,112.1
17298,110.1
17299,456.2
17300,432.1
17301,112.1
17302,110.1
17303,456.2
17304,432.1
17305,112.1
17306,110.1
17307,456.2
17308,432.1
17309,112.1
17310,110.1
17311,456.2
17312,432.1
17313,112.1
17314,110.1
17315,456.2
17316,432.1
17317,112.1
17318,110.1
17319,456.2
17320,432.1
17321,112.1
17322,110.1
17323,456.2
17324,432.1
17325,112.1
17326,110.1
17327,456.2
17328,432.1
17329,112.1
17330,110.1
17331,456.2
17332,432.1
17333,112.1
17334,110.1
17335,456.2
17336,432.1
17337,112.1
17338,110.1
17339,456.2
17340,432.1
17341,112.1
17342,110.1
17343,456.2
17344,432.1
17345,112.1
17346,110.1
17347,456.2
17348,432.1
17349,112.1
17350,110.1
17351,456.2
17352,432.1
17353,112.1
17354,110.1
17355,456.2
17356,432.1
17357,112.1
17358,110.1
17359,456.2
17360,432.1
17361,112.1
17362,110.1
17363,456.2
17364,432.1
17365,112.1
17366,110.1
17367,456.2
17368,432.1
17369,112.1
17370,110.1
17371,456.2
17372,432.1
17373,112.1
17374,110.1
17375,456.2
17376,432.1
17377,112.1
17378,110.1
17379,456.2
17380,432.1
17381,112.1
17382,110.1
17383,456.2
17384,432.1
17385,112.1
17386,110.1
17387,456.2
17388,432.1
17389,112.1
17390,110.1
17391,456.2
17392,432.1
17393,112.1
17394,110.1
17395,456.2
17396,432.1
17397,112.1
17398,110.1
17399,456.2
17400,432.1
17401,112.1
17402,110.1
17403,456.2
17404,432.1
17405,112.1
17406,110.1
17407,456.2
17408,432.1
17409,112.1
17410,110.1
17411,456.2
17412,432.1
17413,112.1
17414,110.1
17415,456.2
17416,432.1
17417,112.1
17418,110.1
17419,456.2
17420,432.1
17421,112.1
17422,110.1
17423,456.2
17424,432.1
17425,112.1
17426,110.1
17427,456.2
17428,432.1
17429,112.1
17430,110.1
17431,456.2
17432,432.1
17433,112.1
17434,110.1
17435,456.2
17436,432.1
17437,112.1
17438,110.1
17439,456.2
17440,432.1
17441,112.1
17442,110.1
17443,456.2
17444,432.1
17445,112.1
17446,110.1
17447,456.2
17448,432.1
17449,112.1
17450,110.1
17451,456.2
17452,432.1
17453,112.1
17454,110.1
17455,456.2
17456,432.1
17457,112.1
17458,110.1
17459,456.2
17460,432.1
17461,112.1
17462,110.1
17463,456.2
17464,432.1
17465,112.1
17466,110.1
17467,456.2
17468,432.1
17469,112.1
17470,110.1
17471,456.2
17472,432.1
17473,112.1
17474,110.1
17475,456.2
17476,432.1
17477,112.1
17478,110.1
17479,456.2
17480,432.1
17481,112.1
17482,110.1
17483,456.2
17484,432.1
17485,112.1
17486,110.1
17487,456.2
17488,432.1
17489,112.1
17490,110.1
17491,456.2
17492,432.1
17493,112.1
17494,110.1
17495,456.2
17496,432.1
17497,112.1
17498,110.1
17499,456.2
17500,432.1
17501,112.1
17502,110.1
17503,456.2
17504,432.1
17505,112.1
17506,110.1
17507,456.2
17508,432.1
17509,112.1
17510,110.1
17511,456.2
17512,432.1
17513,112.1
17514,110.1
17515,456.2
17516,432.1
17517,112.1
17518,110.1
17519,456.2
17520,432.1
17521,112.1
17522,110.1
17523,456.2
17524,432.1
17525,112.1
17526,110.1
17527,456.2
17528,432.1
17529,112.1
17530,110.1
17531,456.2
17532,432.1
17533,112.1
17534,110.1
17535,456.2
17536,432.1
17537,112.1
17538,110.1
17539,456.2
17540,432.1
17541,112.1
17542,110.1
17543,456.2
17544,432.1
17545,112.1
17546,110.1
17547,456.2
17548,432.1
17549,112.1
17550,110.1
17551,456.2
17552,432.1
17553,112.1
17554,110.1
17555,456.2
17556,432.1
17557,112.1
17558,110.1
17559,456.2
17560,432.1
17561,112.1
17562,110.1
17563,456.2
17564,432.1
17565,112.1
17566,110.1
17567,456.2
17568,432.1
17569,112.1
17570,110.1
17571,456.2
17572,432.1
17573,112.1
17574,110.1
17575,456.2
17576,432.1
17577,112.1
17578,110.1
17579,456.2
17580,432.1
17581,112.1
17582,110.1
17583,456.2
17584,432.1
17585,112.1
17586,110.1
17587,456.2
17588,432.1
17589,112.1
17590,110.1
17591,456.2
17592,432.1
17593,112.1
17594,110.1
17595,456.2
17596,432.1
17597,112.1
17598,110.1
17599,456.2
17600,432.1
17601,112.1
17602,110.1
17603,456.2
17604,432.1
17605,112.1
17606,110.1
17607,456.2
17608,432.1
17609,112.1
17610,110.1
17611,456.2
17612,432.1
17613,112.1
17614,110.1
17615,456.2
17616,432.1
17617,112.1
17618,110.1
17619,456.2
17620,432.1
17621,112.1
17622,110.1
17623,456.2
17624,432.1
17625,112.1
17626,110.1
17627,456.2
17628,432.1
17629,112.1
17630,110.1
17631,456.2
17632,432.1
17633,112.1
17634,110.1
17635,456.2
17636,432.1
17637,112.1
17638,110.1
17639,456.2
17640,432.1
17641,112.1
17642,110.1
17643,456.2
17644,432.1
17645,112.1
17646,110.1
17647,456.2
17648,432.1
17649,112.1
17650,110.1
17651,456.2
17652,432.1
17653,112.1
17654,110.1
17655,456.2
17656,432.1
17657,112.1
17658,110.1
17659,456.2
17660,432.1
17661,112.1
17662,110.1
17663,456.2
17664,432.1
17665,112.1
17666,110.1
17667,456.2
17668,432.1
17669,112.1
17670,110.1
17671,456.2
17672,432.1
17673,112.1
17674,110.1
17675,456.2
17676,432.1
17677,112.1
17678,110.1
17679,456.2
17680,432.1
17681,112.1
17682,110.1
17683,456.2
17684,432.1
17685,112.1
17686,110.1
17687,456.2
17688,432.1
17689,112.1
17690,110.1
17691,456.2
17692,432.1
17693,112.1
17694,110.1
17695,456.2
17696,432.1
17697,112.1
17698,110.1
17699,456.2
17700,432.1
17701,112.1
17702,110.1
17703,456.2
17704,432.1
17705,112.1
17706,110.1
17707,456.2
17708,432.1
17709,112.1
17710,110.1
17711,456.2
17712,432.1
17713,112.1
17714,110.1
17715,456.2
17716,432.1
17717,112.1
17718,110.1
17719,456.2
17720,432.1
17721,112.1
17722,110.1
17723,456.2
17724,432.1
17725,112.1
17726,110.1
17727,456.2
17728,432.1
17729,112.1
17730,110.1
17731,456.2
17732,432.1
17733,112.1
17734,110.1
17735,456.2
17736,432.1
17737,112.1
17738,110.1
17739,456.2
17740,432.1
17741,112.1
17742,110.1
17743,456.2
17744,432.1
17745,112.1
17746,110.1
17747,456.2
17748,432.1
17749,112.1
17750,110.1
17751,456.2
17752,432.1
17753,112.1
17754,110.1
17755,456.2
17756,432.1
17757,112.1
17758,110.1
17759,456.2
17760,432.1
17761,112.1
17762,110.1
17763,456.2
17764,432.1
17765,112.1
17766,110.1
17767,456.2
17768,432.1
17769,112.1
17770,110.1
17771,456.2
17772,432.1
17773,112.1
17774,110.1
17775,456.2
17776,432.1
17777,112.1
17778,110.1
17779,456.2
17780,432.1
17781,112.1
17782,110.1
17783,456.2
17784,432.1
17785,112.1
17786,110.1
17787,456.2
17788,432.1
17789,112.1
17790,110.1
17791,456.2
17792,432.1
17793,112.1
17794,110.1
17795,456.2
17796,432.1
17797,112.1
17798,110.1
17799,456.2
17800,432.1
17801,112.1
17802,110.1
17803,456.2
17804,432.1
17805,112.1
17806,110.1
17807,456.2
17808,432.1
17809,112.1
17810,110.1
17811,456.2
17812,432.1
17813,112.1
17814,110.1
17815,456.2
17816,432.1
17817,112.1
17818,110.1
17819,456.2
17820,432.1
17821,112.1
17822,110.1
17823,456.2
17824,432.1
17825,112.1
17826,110.1
17827,456.2
17828,432.1
17829,112.1
17830,110.1
17831,456.2
17832,432.1
17833,112.1
17834,110.1
17835,456.2
17836,432.1
17837,112.1
17838,110.1
17839,456.2
17840,432.1
17841,112.1
17842,110.1
17843,456.2
17844,432.1
17845,112.1
17846,110.1
17847,456.2
17848,432.1
17849,112.1
17850,110.1
17851,456.2
17852,432.1
17853,112.1
17854,110.1
17855,456.2
17856,432.1
17857,112.1
17858,110.1
17859,456.2
17860,432.1
17861,112.1
17862,110.1
17863,456.2
17864,432.1
17865,112.1
17866,110.1
17867,456.2
17868,432.1
17869,112.1
17870,110.1
17871,456.2
17872,432.1
17873,112.1
17874,110.1
17875,456.2
17876,432.1
17877,112.1
17878,110.1
17879,456.2
17880,432.1
17881,112.1
17882,110.1
17883,456.2
17884,432.1
17885,112.1
17886,110.1
17887,456.2
17888,432.1
17889,112.1
17890,110.1
17891,456.2
17892,432.1
17893,112.1
17894,110.1
17895,456.2
17896,432.1
17897,112.1
17898,110.1
17899,456.2
17900,432.1
17901,112.1
17902,110.1
17903,456.2
17904,432.1
17905,112.1
17906,110.1
17907,456.2
17908,432.1
17909,112.1
17910,110.1
17911,456.2
17912,432.1
17913,112.1
17914,110.1
17915,456.2
17916,432.1
17917,112.1
17918,110.1
17919,456.2
17920,432.1
17921,112.1
17922,110.1
17923,456.2
17924,432.1
17925,112.1
17926,110.1
17927,456.2
17928,432.1
17929,112.1
17930,110.1
17931,456.2
17932,432.1
17933,112.1
17934,110.1
17935,456.2
17936,432.1
17937,112.1
17938,110.1
17939,456.2
17940,432.1
17941,112.1
17942,110.1
17943,456.2
17944,432.1
17945,112.1
17946,110.1
17947,456.2
17948,432.1
17949,112.1
17950,110.1
17951,456.2
17952,432.1
17953,112.1
17954,110.1
17955,456.2
17956,432.1
17957,112.1
17958,110.1
17959,456.2
17960,432.1
17961,112.1
17962,110.1
17963,456.2
17964,432.1
17965,112.1
17966,110.1
17967,456.2
17968,432.1
17969,112.1
17970,110.1
17971,456.2
17972,432.1
17973,112.1
17974,110.1
17975,456.2
17976,432.1
17977,112.1
17978,110.1
17979,456.2
17980,432.1
17981,112.1
17982,110.1
17983,456.2
17984,432.1
17985,112.1
17986,110.1
17987,456.2
17988,432.1
17989,112.1
17990,110.1
17991,456.2
17992,432.1
17993,112.1
17994,110.1
17995,456.2
17996,432.1
17997,112.1
17998,110.1
17999,456.2
18000,432.1
18001,112.1
18002,110.1
18003,456.2
18004,432.1
18005,112.1
18006,110.1
18007,456.2
18008,432.1
18009,112.1
18010,110.1
18011,456.2
18012,432.1
18013,112.1
18014,110.1
18015,456.2
18016,432.1
18017,112.1
18018,110.1
18019,456.2
18020,432.1
18021,112.1
18022,110.1
18023,456.2
18024,432.1
18025,112.1
18026,110.1
18027,456.2
18028,432.1
18029,112.1
18030,110.1
18031,456.2
18032,432.1
18033,112.1
18034,110.1
18035,456.2
18036,432.1
18037,112.1
18038,110.1
18039,456.2
18040,432.1
18041,112.1
18042,110.1
18043,456.2
18044,432.1
18045,112.1
18046,110.1
18047,456.2
18048,432.1
18049,112.1
18050,110.1
18051,456.2
18052,432.1
18053,112.1
18054,110.1
18055,456.2
18056,432.1
18057,112.1
18058,110.1
18059,456.2
18060,432.1
18061,112.1
18062,110.1
18063,456.2
18064,432.1
18065,112.1
18066,110.1
18067,456.2
18068,432.1
18069,112.1
18070,110.1
18071,456.2
18072,432.1
18073,112.1
18074,110.1
18075,456.2
18076,432.1
18077,112.1
18078,110.1
18079,456.2
18080,432.1
18081,112.1
18082,110.1
18083,456.2
18084,432.1
18085,112.1
18086,110.1
18087,456.2
18088,432.1
18089,112.1
18090,110.1
18091,456.2
18092,432.1
18093,112.1
18094,110.1
18095,456.2
18096,432.1
18097,112.1
18098,110.1
18099,456.2
18100,432.1
18101,112.1
18102,110.1
18103,456.2
18104,432.1
18105,112.1
18106,110.1
18107,456.2
18108,432.1
18109,112.1
18110,110.1
18111,456.2
18112,432.1
18113,112.1
18114,110.1
18115,456.2
18116,432.1
18117,112.1
18118,110.1
18119,456.2
18120,432.1
18121,112.1
18122,110.1
18123,456.2
18124,432.1
18125,112.1
18126,110.1
18127,456.2
18128,432.1
18129,112.1
18130,110.1
18131,456.2
18132,432.1
18133,112.1
18134,110.1
18135,456.2
18136,432.1
18137,112.1
18138,110.1
18139,456.2
18140,432.1
18141,112.1
18142,110.1
18143,456.2
18144,432.1
18145,112.1
18146,110.1
18147,456.2
18148,432.1
18149,112.1
18150,110.1
18151,456.2
18152,432.1
18153,112.1
18154,110.1
18155,456.2
18156,432.1
18157,112.1
18158,110.1
18159,456.2
18160,432.1
18161,112.1
18162,110.1
18163,456.2
18164,432.1
18165,112.1
18166,110.1
18167,456.2
18168,432.1
18169,112.1
18170,110.1
18171,456.2
18172,432.1
18173,112.1
18174,110.1
18175,456.2
18176,432.1
18177,112.1
18178,110.1
18179,456.2
18180,432.1
18181,112.1
18182,110.1
18183,456.2
18184,432.1
18185,112.1
18186,110.1
18187,456.2
18188,432.1
18189,112.1
18190,110.1
18191,456.2
18192,432.1
18193,112.1
18194,110.1
18195,456.2
18196,432.1
18197,112.1
18198,110.1
18199,456.2
18200,432.1
18201,112.1
18202,110.1
18203,456.2
18204,432.1
18205,112.1
18206,110.1
18207,456.2
18208,432.1
18209,112.1
18210,110.1
18211,456.2
18212,432.1
18213,112.1
18214,110.1
18215,456.2
18216,432.1
18217,112.1
18218,110.1
18219,456.2
18220,432.1
18221,112.1
18222,110.1
18223,456.2
18224,432.1
18225,112.1
18226,110.1
18227,456.2
18228,432.1
18229,112.1
18230,110.1
18231,456.2
18232,432.1
18233,112.1
18234,110.1
18235,456.2
18236,432.1
18237,112.1
18238,110.1
18239,456.2
18240,432.1
18241,112.1
18242,110.1
18243,456.2
18244,432.1
18245,112.1
18246,110.1
18247,456.2
18248,432.1
18249,112.1
18250,110.1
18251,456.2
18252,432.1
18253,112.1
18254,110.1
18255,456.2
18256,432.1
18257,112.1
18258,110.1
18259,456.2
18260,432.1
18261,112.1
18262,110.1
18263,456.2
18264,432.1
18265,112.1
18266,110.1
18267,456.2
18268,432.1
18269,112.1
18270,110.1
18271,456.2
18272,432.1
18273,112.1
18274,110.1
18275,456.2
18276,432.1
18277,112.1
18278,110.1
18279,456.2
18280,432.1
18281,112.1
18282,110.1
18283,456.2
18284,432.1
18285,112.1
18286,110.1
18287,456.2
18288,432.1
18289,112.1
18290,110.1
18291,456.2
18292,432.1
18293,112.1
18294,110.1
18295,456.2
18296,432.1
18297,112.1
18298,110.1
18299,456.2
18300,432.1
18301,112.1
18302,110.1
18303,456.2
18304,432.1
18305,112.1
18306,110.1
18307,456.2
18308,432.1
18309,112.1
18310,110.1
18311,456.2
18312,432.1
18313,112.1
18314,110.1
18315,456.2
18316,432.1
18317,112.1
18318,110.1
18319,456.2
18320,432.1
18321,112.1
18322,110.1
18323,456.2
18324,432.1
18325,112.1
18326,110.1
18327,456.2
18328,432.1
18329,112.1
18330,110.1
18331,456.2
18332,432.1
18333,112.1
18334,110.1
18335,456.2
18336,432.1
18337,112.1
18338,110.1
18339,456.2
18340,432.1
18341,112.1
18342,110.1
18343,456.2
18344,432.1
18345,112.1
18346,110.1
18347,456.2
18348,432.1
18349,112.1
18350,110.1
18351,456.2
18352,432.1
18353,112.1
18354,110.1
18355,456.2
18356,432.1
18357,112.1
18358,110.1
18359,456.2
18360,432.1
18361,112.1
18362,110.1
18363,456.2
18364,432.1
18365,112.1
18366,110.1
18367,456.2
18368,432.1
18369,112.1
18370,110.1
18371,456.2
18372,432.1
18373,112.1
18374,110.1
18375,456.2
18376,432.1
18377,112.1
18378,110.1
18379,456.2
18380,432.1
18381,112.1
18382,110.1
18383,456.2
18384,432.1
18385,112.1
18386,110.1
18387,456.2
18388,432.1
18389,112.1
18390,110.1
18391,456.2
18392,432.1
18393,112.1
18394,110.1
18395,456.2
18396,432.1
18397,112.1
18398,110.1
18399,456.2
18400,432.1
18401,112.1
18402,110.1
18403,456.2
18404,432.1
18405,112.1
18406,110.1
18407,456.2
18408,432.1
18409,112.1
18410,110.1
18411,456.2
18412,432.1
18413,112.1
18414,110.1
18415,456.2
18416,432.1
18417,112.1
18418,110.1
18419,456.2
18420,432.1
18421,112.1
18422,110.1
18423,456.2
18424,432.1
18425,112.1
18426,110.1
18427,456.2
18428,432.1
18429,112.1
18430,110.1
18431,456.2
18432,432.1
18433,112.1
18434,110.1
18435,456.2
18436,432.1
18437,112.1
18438,110.1
18439,456.2
18440,432.1
18441,112.1
18442,110.1
18443,456.2
18444,432.1
18445,112.1
18446,110.1
18447,456.2
18448,432.1
18449,112.1
18450,110.1
18451,456.2
18452,432.1
18453,112.1
18454,110.1
18455,456.2
18456,432.1
18457,112.1
18458,110.1
18459,456.2
18460,432.1
18461,112.1
18462,110.1
18463,456.2
18464,432.1
18465,112.1
18466,110.1
18467,456.2
18468,432.1
18469,112.1
18470,110.1
18471,456.2
18472,432.1
18473,112.1
18474,110.1
18475,456.2
18476,432.1
18477,112.1
18478,110.1
18479,456.2
18480,432.1
18481,112.1
18482,110.1
18483,456.2
18484,432.1
18485,112.1
18486,110.1
18487,456.2
18488,432.1
18489,112.1
18490,110.1
18491,456.2
18492,432.1
18493,112.1
18494,110.1
18495,456.2
18496,432.1
18497,112.1
18498,110.1
18499,456.2
18500,432.1
18501,112.1
18502,110.1
18503,456.2
18504,432.1
18505,112.1
18506,110.1
18507,456.2
18508,432.1
18509,112.1
18510,110.1
18511,456.2
18512,432.1
18513,112.1
18514,110.1
18515,456.2
18516,432.1
18517,112.1
18518,110.1
18519,456.2
18520,432.1
18521,112.1
18522,110.1
18523,456.2
18524,432.1
18525,112.1
18526,110.1
18527,456.2
18528,432.1
18529,112.1
18530,110.1
18531,456.2
18532,432.1
18533,112.1
18534,110.1
18535,456.2
18536,432.1
18537,112.1
18538,110.1
18539,456.2
18540,432.1
18541,112.1
18542,110.1
18543,456.2
18544,432.1
18545,112.1
18546,110.1
18547,456.2
18548,432.1
18549,112.1
18550,110.1
18551,456.2
18552,432.1
18553,112.1
18554,110.1
18555,456.2
18556,432.1
18557,112.1
18558,110.1
18559,456.2
18560,432.1
18561,112.1
18562,110.1
18563,456.2
18564,432.1
18565,112.1
18566,110.1
18567,456.2
18568,432.1
18569,112.1
18570,110.1
18571,456.2
18572,432.1
18573,112.1
18574,110.1
18575,456.2
18576,432.1
18577,112.1
18578,110.1
18579,456.2
18580,432.1
18581,112.1
18582,110.1
18583,456.2
18584,432.1
18585,112.1
18586,110.1
18587,456.2
18588,432.1
18589,112.1
18590,110.1
18591,456.2
18592,432.1
18593,112.1
18594,110.1
18595,456.2
18596,432.1
18597,112.1
18598,110.1
18599,456.2
18600,432.1
18601,112.1
18602,110.1
18603,456.2
18604,432.1
18605,112.1
18606,110.1
18607,456.2
18608,432.1
18609,112.1
18610,110.1
18611,456.2
18612,432.1
18613,112.1
18614,110.1
18615,456.2
18616,432.1
18617,112.1
18618,110.1
18619,456.2
18620,432.1
18621,112.1
18622,110.1
18623,456.2
18624,432.1
18625,112.1
18626,110.1
18627,456.2
18628,432.1
18629,112.1
18630,110.1
18631,456.2
18632,432.1
18633,112.1
18634,110.1
18635,456.2
18636,432.1
18637,112.1
18638,110.1
18639,456.2
18640,432.1
18641,112.1
18642,110.1
18643,456.2
18644,432.1
18645,112.1
18646,110.1
18647,456.2
18648,432.1
18649,112.1
18650,110.1
18651,456.2
18652,432.1
18653,112.1
18654,110.1
18655,456.2
18656,432.1
18657,112.1
18658,110.1
18659,456.2
18660,432.1
18661,112.1
18662,110.1
18663,456.2
18664,432.1
18665,112.1
18666,110.1
18667,456.2
18668,432.1
18669,112.1
18670,110.1
18671,456.2
18672,432.1
18673,112.1
18674,110.1
18675,456.2
18676,432.1
18677,112.1
18678,110.1
18679,456.2
18680,432.1
18681,112.1
18682,110.1
18683,456.2
18684,432.1
18685,112.1
18686,110.1
18687,456.2
18688,432.1
18689,112.1
18690,110.1
18691,456.2
18692,432.1
18693,112.1
18694,110.1
18695,456.2
18696,432.1
18697,112.1
18698,110.1
18699,456.2
18700,432.1
18701,112.1
18702,110.1
18703,456.2
18704,432.1
18705,112.1
18706,110.1
18707,456.2
18708,432.1
18709,112.1
18710,110.1
18711,456.2
18712,432.1
18713,112.1
18714,110.1
18715,456.2
18716,432.1
18717,112.1
18718,110.1
18719,456.2
18720,432.1
18721,112.1
18722,110.1
18723,456.2
18724,432.1
18725,112.1
18726,110.1
18727,456.2
18728,432.1
18729,112.1
18730,110.1
18731,456.2
18732,432.1
18733,112.1
18734,110.1
18735,456.2
18736,432.1
18737,112.1
18738,110.1
18739,456.2
18740,432.1
18741,112.1
18742,110.1
18743,456.2
18744,432.1
18745,112.1
18746,110.1
18747,456.2
18748,432.1
18749,112.1
18750,110.1
18751,456.2
18752,432.1
18753,112.1
18754,110.1
18755,456.2
18756,432.1
18757,112.1
18758,110.1
18759,456.2
18760,432.1
18761,112.1
18762,110.1
18763,456.2
18764,432.1
18765,112.1
18766,110.1
18767,456.2
18768,432.1
18769,112.1
18770,110.1
18771,456.2
18772,432.1
18773,112.1
18774,110.1
18775,456.2
18776,432.1
18777,112.1
18778,110.1
18779,456.2
18780,432.1
18781,112.1
18782,110.1
18783,456.2
18784,432.1
18785,112.1
18786,110.1
18787,456.2
18788,432.1
18789,112.1
18790,110.1
18791,456.2
18792,432.1
18793,112.1
18794,110.1
18795,456.2
18796,432.1
18797,112.1
18798,110.1
18799,456.2
18800,432.1
18801,112.1
18802,110.1
18803,456.2
18804,432.1
18805,112.1
18806,110.1
18807,456.2
18808,432.1
18809,112.1
18810,110.1
18811,456.2
18812,432.1
18813,112.1
18814,110.1
18815,456.2
18816,432.1
18817,112.1
18818,110.1
18819,456.2
18820,432.1
18821,112.1
18822,110.1
18823,456.2
18824,432.1
18825,112.1
18826,110.1
18827,456.2
18828,432.1
18829,112.1
18830,110.1
18831,456.2
18832,432.1
18833,112.1
18834,110.1
18835,456.2
18836,432.1
18837,112.1
18838,110.1
18839,456.2
18840,432.1
18841,112.1
18842,110.1
18843,456.2
18844,432.1
18845,112.1
18846,110.1
18847,456.2
18848,432.1
18849,112.1
18850,110.1
18851,456.2
18852,432.1
18853,112.1
18854,110.1
18855,456.2
18856,432.1
18857,112.1
18858,110.1
18859,456.2
18860,432.1
18861,112.1
18862,110.1
18863,456.2
18864,432.1
18865,112.1
18866,110.1
18867,456.2
18868,432.1
18869,112.1
18870,110.1
18871,456.2
18872,432.1
18873,112.1
18874,110.1
18875,456.2
18876,432.1
18877,112.1
18878,110.1
18879,456.2
18880,432.1
18881,112.1
18882,110.1
18883,456.2
18884,432.1
18885,112.1
18886,110.1
18887,456.2
18888,432.1
18889,112.1
18890,110.1
18891,456.2
18892,432.1
18893,112.1
18894,110.1
18895,456.2
18896,432.1
18897,112.1
18898,110.1
18899,456.2
18900,432.1
18901,112.1
18902,110.1
18903,456.2
18904,432.1
18905,112.1
18906,110.1
18907,456.2
18908,432.1
18909,112.1
18910,110.1
18911,456.2
18912,432.1
18913,112.1
18914,110.1
18915,456.2
18916,432.1
18917,112.1
18918,110.1
18919,456.2
18920,432.1
18921,112.1
18922,110.1
18923,456.2
18924,432.1
18925,112.1
18926,110.1
18927,456.2
18928,432.1
18929,112.1
18930,110.1
18931,456.2
18932,432.1
18933,112.1
18934,110.1
18935,456.2
18936,432.1
18937,112.1
18938,110.1
18939,456.2
18940,432.1
18941,112.1
18942,110.1
18943,456.2
18944,432.1
18945,112.1
18946,110.1
18947,456.2
18948,432.1
18949,112.1
18950,110.1
18951,456.2
18952,432.1
18953,112.1
18954,110.1
18955,456.2
18956,432.1
18957,112.1
18958,110.1
18959,456.2
18960,432.1
18961,112.1
18962,110.1
18963,456.2
18964,432.1
18965,112.1
18966,110.1
18967,456.2
18968,432.1
18969,112.1
18970,110.1
18971,456.2
18972,432.1
18973,112.1
18974,110.1
18975,456.2
18976,432.1
18977,112.1
18978,110.1
18979,456.2
18980,432.1
18981,112.1
18982,110.1
18983,456.2
18984,432.1
18985,112.1
18986,110.1
18987,456.2
18988,432.1
18989,112.1
18990,110.1
18991,456.2
18992,432.1
18993,112.1
18994,110.1
18995,456.2
18996,432.1
18997,112.1
18998,110.1
18999,456.2
19000,432.1
19001,112.1
19002,110.1
19003,456.2
19004,432.1
19005,112.1
19006,110.1
19007,456.2
19008,432.1
19009,112.1
19010,110.1
19011,456.2
19012,432.1
19013,112.1
19014,110.1
19015,456.2
19016,432.1
19017,112.1
19018,110.1
19019,456.2
19020,432.1
19021,112.1
19022,110.1
19023,456.2
19024,432.1
19025,112.1
19026,110.1
19027,456.2
19028,432.1
19029,112.1
19030,110.1
19031,456.2
19032,432.1
19033,112.1
19034,110.1
19035,456.2
19036,432.1
19037,112.1
19038,110.1
19039,456.2
19040,432.1
19041,112.1
19042,110.1
19043,456.2
19044,432.1
19045,112.1
19046,110.1
19047,456.2
19048,432.1
19049,112.1
19050,110.1
19051,456.2
19052,432.1
19053,112.1
19054,110.1
19055,456.2
19056,432.1
19057,112.1
19058,110.1
19059,456.2
19060,432.1
19061,112.1
19062,110.1
19063,456.2
19064,432.1
19065,112.1
19066,110.1
19067,456.2
19068,432.1
19069,112.1
19070,110.1
19071,456.2
19072,432.1
19073,112.1
19074,110.1
19075,456.2
19076,432.1
19077,112.1
19078,110.1
19079,456.2
19080,432.1
19081,112.1
19082,110.1
19083,456.2
19084,432.1
19085,112.1
19086,110.1
19087,456.2
19088,432.1
19089,112.1
19090,110.1
19091,456.2
19092,432.1
19093,112.1
19094,110.1
19095,456.2
19096,432.1
19097,112.1
19098,110.1
19099,456.2
19100,432.1
19101,112.1
19102,110.1
19103,456.2
19104,432.1
19105,112.1
19106,110.1
19107,456.2
19108,432.1
19109,112.1
19110,110.1
19111,456.2
19112,432.1
19113,112.1
19114,110.1
19115,456.2
19116,432.1
19117,112.1
19118,110.1
19119,456.2
19120,432.1
19121,112.1
19122,110.1
19123,456.2
19124,432.1
19125,112.1
19126,110.1
19127,456.2
19128,432.1
19129,112.1
19130,110.1
19131,456.2
19132,432.1
19133,112.1
19134,110.1
19135,456.2
19136,432.1
19137,112.1
19138,110.1
19139,456.2
19140,432.1
19141,112.1
19142,110.1
19143,456.2
19144,432.1
19145,112.1
19146,110.1
19147,456.2
19148,432.1
19149,112.1
19150,110.1
19151,456.2
19152,432.1
19153,112.1
19154,110.1
19155,456.2
19156,432.1
19157,112.1
19158,110.1
19159,456.2
19160,432.1
19161,112.1
19162,110.1
19163,456.2
19164,432.1
19165,112.1
19166,110.1
19167,456.2
19168,432.1
19169,112.1
19170,110.1
19171,456.2
19172,432.1
19173,112.1
19174,110.1
19175,456.2
19176,432.1
19177,112.1
19178,110.1
19179,456.2
19180,432.1
19181,112.1
19182,110.1
19183,456.2
19184,432.1
19185,112.1
19186,110.1
19187,456.2
19188,432.1
19189,112.1
19190,110.1
19191,456.2
19192,432.1
19193,112.1
19194,110.1
19195,456.2
19196,432.1
19197,112.1
19198,110.1
19199,456.2
19200,432.1
19201,112.1
19202,110.1
19203,456.2
19204,432.1
19205,112.1
19206,110.1
19207,456.2
19208,432.1
19209,112.1
19210,110.1
19211,456.2
19212,432.1
19213,112.1
19214,110.1
19215,456.2
19216,432.1
19217,112.1
19218,110.1
19219,456.2
19220,432.1
19221,112.1
19222,110.1
19223,456.2
19224,432.1
19225,112.1
19226,110.1
19227,456.2
19228,432.1
19229,112.1
19230,110.1
19231,456.2
19232,432.1
19233,112.1
19234,110.1
19235,456.2
19236,432.1
19237,112.1
19238,110.1
19239,456.2
19240,432.1
19241,112.1
19242,110.1
19243,456.2
19244,432.1
19245,112.1
19246,110.1
19247,456.2
19248,432.1
19249,112.1
19250,110.1
19251,456.2
19252,432.1
19253,112.1
19254,110.1
19255,456.2
19256,432.1
19257,112.1
19258,110.1
19259,456.2
19260,432.1
19261,112.1
19262,110.1
19263,456.2
19264,432.1
19265,112.1
19266,110.1
19267,456.2
19268,432.1
19269,112.1
19270,110.1
19271,456.2
19272,432.1
19273,112.1
19274,110.1
19275,456.2
19276,432.1
19277,112.1
19278,110.1
19279,456.2
19280,432.1
19281,112.1
19282,110.1
19283,456.2
19284,432.1
19285,112.1
19286,110.1
19287,456.2
19288,432.1
19289,112.1
19290,110.1
19291,456.2
19292,432.1
19293,112.1
19294,110.1
19295,456.2
19296,432.1
19297,112.1
19298,110.1
19299,456.2
19300,432.1
19301,112.1
19302,110.1
19303,456.2
19304,432.1
19305,112.1
19306,110.1
19307,456.2
19308,432.1
19309,112.1
19310,110.1
19311,456.2
19312,432.1
19313,112.1
19314,110.1
19315,456.2
19316,432.1
19317,112.1
19318,110.1
19319,456.2
19320,432.1
19321,112.1
19322,110.1
19323,456.2
19324,432.1
19325,112.1
19326,110.1
19327,456.2
19328,432.1
19329,112.1
19330,110.1
19331,456.2
19332,432.1
19333,112.1
19334,110.1
19335,456.2
19336,432.1
19337,112.1
19338,110.1
19339,456.2
19340,432.1
19341,112.1
19342,110.1
19343,456.2
19344,432.1
19345,112.1
19346,110.1
19347,456.2
19348,432.1
19349,112.1
19350,110.1
19351,456.2
19352,432.1
19353,112.1
19354,110.1
19355,456.2
19356,432.1
19357,112.1
19358,110.1
19359,456.2
19360,432.1
19361,112.1
19362,110.1
19363,456.2
19364,432.1
19365,112.1
19366,110.1
19367,456.2
19368,432.1
19369,112.1
19370,110.1
19371,456.2
19372,432.1
19373,112.1
19374,110.1
19375,456.2
19376,432.1
19377,112.1
19378,110.1
19379,456.2
19380,432.1
19381,112.1
19382,110.1
19383,456.2
19384,432.1
19385,112.1
19386,110.1
19387,456.2
19388,432.1
19389,112.1
19390,110.1
19391,456.2
19392,432.1
19393,112.1
19394,110.1
19395,456.2
19396,432.1
19397,112.1
19398,110.1
19399,456.2
19400,432.1
19401,112.1
19402,110.1
19403,456.2
19404,432.1
19405,112.1
19406,110.1
19407,456.2
19408,432.1
19409,112.1
19410,110.1
19411,456.2
19412,432.1
19413,112.1
19414,110.1
19415,456.2
19416,432.1
19417,112.1
19418,110.1
19419,456.2
19420,432.1
19421,112.1
19422,110.1
19423,456.2
19424,432.1
19425,112.1
19426,110.1
19427,456.2
19428,432.1
19429,112.1
19430,110.1
19431,456.2
19432,432.1
19433,112.1
19434,110.1
19435,456.2
19436,432.1
19437,112.1
19438,110.1
19439,456.2
19440,432.1
19441,112.1
19442,110.1
19443,456.2
19444,432.1
19445,112.1
19446,110.1
19447,456.2
19448,432.1
19449,112.1
19450,110.1
19451,456.2
19452,432.1
19453,112.1
19454,110.1
19455,456.2
19456,432.1
19457,112.1
19458,110.1
19459,456.2
19460,432.1
19461,112.1
19462,110.1
19463,456.2
19464,432.1
19465,112.1
19466,110.1
19467,456.2
19468,432.1
19469,112.1
19470,110.1
19471,456.2
19472,432.1
19473,112.1
19474,110.1
19475,456.2
19476,432.1
19477,112.1
19478,110.1
19479,456.2
19480,432.1
19481,112.1
19482,110.1
19483,456.2
19484,432.1
19485,112.1
19486,110.1
19487,456.2
19488,432.1
19489,112.1
19490,110.1
19491,456.2
19492,432.1
19493,112.1
19494,110.1
19495,456.2
19496,432.1
19497,112.1
19498,110.1
19499,456.2
19500,432.1
19501,112.1
19502,110.1
19503,456.2
19504,432.1
19505,112.1
19506,110.1
19507,456.2
19508,432.1
19509,112.1
19510,110.1
19511,456.2
19512,432.1
19513,112.1
19514,110.1
19515,456.2
19516,432.1
19517,112.1
19518,110.1
19519,456.2
19520,432.1
19521,112.1
19522,110.1
19523,456.2
19524,432.1
19525,112.1
19526,110.1
19527,456.2
19528,432.1
19529,112.1
19530,110.1
19531,456.2
19532,432.1
19533,112.1
19534,110.1
19535,456.2
19536,432.1
19537,112.1
19538,110.1
19539,456.2
19540,432.1
19541,112.1
19542,110.1
19543,456.2
19544,432.1
19545,112.1
19546,110.1
19547,456.2
19548,432.1
19549,112.1
19550,110.1
19551,456.2
19552,432.1
19553,112.1
19554,110.1
19555,456.2
19556,432.1
19557,112.1
19558,110.1
19559,456.2
19560,432.1
19561,112.1
19562,110.1
19563,456.2
19564,432.1
19565,112.1
19566,110.1
19567,456.2
19568,432.1
19569,112.1
19570,110.1
19571,456.2
19572,432.1
19573,112.1
19574,110.1
19575,456.2
19576,432.1
19577,112.1
19578,110.1
19579,456.2
19580,432.1
19581,112.1
19582,110.1
19583,456.2
19584,432.1
19585,112.1
19586,110.1
19587,456.2
19588,432.1
19589,112.1
19590,110.1
19591,456.2
19592,432.1
19593,112.1
19594,110.1
19595,456.2
19596,432.1
19597,112.1
19598,110.1
19599,456.2
19600,432.1
19601,112.1
19602,110.1
19603,456.2
19604,432.1
19605,112.1
19606,110.1
19607,456.2
19608,432.1
19609,112.1
19610,110.1
19611,456.2
19612,432.1
19613,112.1
19614,110.1
19615,456.2
19616,432.1
19617,112.1
19618,110.1
19619,456.2
19620,432.1
19621,112.1
19622,110.1
19623,456.2
19624,432.1
19625,112.1
19626,110.1
19627,456.2
19628,432.1
19629,112.1
19630,110.1
19631,456.2
19632,432.1
19633,112.1
19634,110.1
19635,456.2
19636,432.1
19637,112.1
19638,110.1
19639,456.2
19640,432.1
19641,112.1
19642,110.1
19643,456.2
19644,432.1
19645,112.1
19646,110.1
19647,456.2
19648,432.1
19649,112.1
19650,110.1
19651,456.2
19652,432.1
19653,112.1
19654,110.1
19655,456.2
19656,432.1
19657,112.1
19658,110.1
19659,456.2
19660,432.1
19661,112.1
19662,110.1
19663,456.2
19664,432.1
19665,112.1
19666,110.1
19667,456.2
19668,432.1
19669,112.1
19670,110.1
19671,456.2
19672,432.1
19673,112.1
19674,110.1
19675,456.2
19676,432.1
19677,112.1
19678,110.1
19679,456.2
19680,432.1
19681,112.1
19682,110.1
19683,456.2
19684,432.1
19685,112.1
19686,110.1
19687,456.2
19688,432.1
19689,112.1
19690,110.1
19691,456.2
19692,432.1
19693,112.1
19694,110.1
19695,456.2
19696,432.1
19697,112.1
19698,110.1
19699,456.2
19700,432.1
19701,112.1
19702,110.1
19703,456.2
19704,432.1
19705,112.1
19706,110.1
19707,456.2
19708,432.1
19709,112.1
19710,110.1
19711,456.2
19712,432.1
19713,112.1
19714,110.1
19715,456.2
19716,432.1
19717,112.1
19718,110.1
19719,456.2
19720,432.1
19721,112.1
19722,110.1
19723,456.2
19724,432.1
19725,112.1
19726,110.1
19727,456.2
19728,432.1
19729,112.1
19730,110.1
19731,456.2
19732,432.1
19733,112.1
19734,110.1
19735,456.2
19736,432.1
19737,112.1
19738,110.1
19739,456.2
19740,432.1
19741,112.1
19742,110.1
19743,456.2
19744,432.1
19745,112.1
19746,110.1
19747,456.2
19748,432.1
19749,112.1
19750,110.1
19751,456.2
19752,432.1
19753,112.1
19754,110.1
19755,456.2
19756,432.1
19757,112.1
19758,110.1
19759,456.2
19760,432.1
19761,112.1
19762,110.1
19763,456.2
19764,432.1
19765,112.1
19766,110.1
19767,456.2
19768,432.1
19769,112.1
19770,110.1
19771,456.2
19772,432.1
19773,112.1
19774,110.1
19775,456.2
19776,432.1
19777,112.1
19778,110.1
19779,456.2
19780,432.1
19781,112.1
19782,110.1
19783,456.2
19784,432.1
19785,112.1
19786,110.1
19787,456.2
19788,432.1
19789,112.1
19790,110.1
19791,456.2
19792,432.1
19793,112.1
19794,110.1
19795,456.2
19796,432.1
19797,112.1
19798,110.1
19799,456.2
19800,432.1
19801,112.1
19802,110.1
19803,456.2
19804,432.1
19805,112.1
19806,110.1
19807,456.2
19808,432.1
19809,112.1
19810,110.1
19811,456.2
19812,432.1
19813,112.1
19814,110.1
19815,456.2
19816,432.1
19817,112.1
19818,110.1
19819,456.2
19820,432.1
19821,112.1
19822,110.1
19823,456.2
19824,432.1
19825,112.1
19826,110.1
19827,456.2
19828,432.1
19829,112.1
19830,110.1
19831,456.2
19832,432.1
19833,112.1
19834,110.1
19835,456.2
19836,432.1
19837,112.1
19838,110.1
19839,456.2
19840,432.1
19841,112.1
19842,110.1
19843,456.2
19844,432.1
19845,112.1
19846,110.1
19847,456.2
19848,432.1
19849,112.1
19850,110.1
19851,456.2
19852,432.1
19853,112.1
19854,110.1
19855,456.2
19856,432.1
19857,112.1
19858,110.1
19859,456.2
19860,432.1
19861,112.1
19862,110.1
19863,456.2
19864,432.1
19865,112.1
19866,110.1
19867,456.2
19868,432.1
19869,112.1
19870,110.1
19871,456.2
19872,432.1
19873,112.1
19874,110.1
19875,456.2
19876,432.1
19877,112.1
19878,110.1
19879,456.2
19880,432.1
19881,112.1
19882,110.1
19883,456.2
19884,432.1
19885,112.1
19886,110.1
19887,456.2
19888,432.1
19889,112.1
19890,110.1
19891,456.2
19892,432.1
19893,112.1
19894,110.1
19895,456.2
19896,432.1
19897,112.1
19898,110.1
19899,456.2
19900,432.1
19901,112.1
19902,110.1
19903,456.2
19904,432.1
19905,112.1
19906,110.1
19907,456.2
19908,432.1
19909,112.1
19910,110.1
19911,456.2
19912,432.1
19913,112.1
19914,110.1
19915,456.2
19916,432.1
19917,112.1
19918,110.1
19919,456.2
19920,432.1
19921,112.1
19922,110.1
19923,456.2
19924,432.1
19925,112.1
19926,110.1
19927,456.2
19928,432.1
19929,112.1
19930,110.1
19931,456.2
19932,432.1
19933,112.1
19934,110.1
19935,456.2
19936,432.1
19937,112.1
19938,110.1
19939,456.2
19940,432.1
19941,112.1
19942,110.1
19943,456.2
19944,432.1
19945,112.1
19946,110.1
19947,456.2
19948,432.1
19949,112.1
19950,110.1
19951,456.2
19952,432.1
19953,112.1
19954,110.1
19955,456.2
19956,432.1
19957,112.1
19958,110.1
19959,456.2
19960,432.1
19961,112.1
19962,110.1
19963,456.2
19964,432.1
19965,112.1
19966,110.1
19967,456.2
19968,432.1
19969,112.1
19970,110.1
19971,456.2
19972,432.1
19973,112.1
19974,110.1
19975,456.2
19976,432.1
19977,112.1
19978,110.1
19979,456.2
19980,432.1
19981,112.1
19982,110.1
19983,456.2
19984,432.1
19985,112.1
19986,110.1
19987,456.2
19988,432.1
19989,112.1
19990,110.1
19991,456.2
19992,432.1
19993,112.1
19994,110.1
19995,456.2
19996,432.1
19997,112.1
19998,110.1
19999,456.2
20000,432.1
